{
  "version": 8,
  "id": "dark",
  "name": "Dark",
  "sources": {
    "openmaptiles": {
      "type": "vector",
      "url": "https://tiles.openfreemap.org/planet"
    }
  },
  "sprite": "https://tiles.openfreemap.org/sprites/ofm_f384/ofm",
  "glyphs": "https://tiles.openfreemap.org/fonts/{fontstack}/{range}.pbf",
  "layers": [
    {
      "id": "Background",
      "type": "background",
      "layout": { "visibility": "visible" },
      "paint": {
        "background-color": [
          "interpolate",
          ["exponential", 1],
          ["zoom"],
          6,
          "hsl(0, 0%, 17%)",
          20,
          "hsl(0, 0%, 18%)"
        ]
      }
    },
    {
      "id": "Residential",
      "type": "fill",
      "source": "openmaptiles",
      "source-layer": "landuse",
      "maxzoom": 14,
      "layout": { "visibility": "visible" },
      "paint": {
        "fill-color": {
          "stops": [
            [2, "hsl(0, 0%, 16%)"],
            [14, "hsl(0, 0%, 17%)"]
          ]
        }
      },
      "filter": ["in", "class", "neighbourhood", "residential", "suburb"]
    },
    {
      "id": "Sand",
      "type": "fill",
      "source": "openmaptiles",
      "source-layer": "landcover",
      "minzoom": 8,
      "layout": { "visibility": "visible" },
      "paint": {
        "fill-antialias": false,
        "fill-color": "hsla(83, 77%, 8%, 0.24)",
        "fill-opacity": {
          "stops": [
            [7, 0.7],
            [12, 1]
          ]
        }
      },
      "filter": ["==", "class", "sand"]
    },
    {
      "id": "Grass",
      "type": "fill",
      "source": "openmaptiles",
      "source-layer": "landcover",
      "minzoom": 8,
      "layout": { "visibility": "visible" },
      "paint": {
        "fill-antialias": false,
        "fill-color": "hsla(83, 38%, 12%, 0.6)",
        "fill-opacity": {
          "stops": [
            [7, 0.7],
            [12, 1]
          ]
        }
      },
      "filter": ["==", "class", "grass"]
    },
    {
      "id": "Wood",
      "type": "fill",
      "source": "openmaptiles",
      "source-layer": "landcover",
      "minzoom": 8,
      "layout": { "visibility": "visible" },
      "paint": {
        "fill-antialias": false,
        "fill-color": "hsla(83, 38%, 11%, 0.6)",
        "fill-opacity": {
          "stops": [
            [7, 0.7],
            [12, 1]
          ]
        }
      },
      "filter": ["==", "class", "wood"]
    },
    {
      "id": "Water",
      "type": "fill",
      "source": "openmaptiles",
      "source-layer": "water",
      "layout": { "visibility": "visible" },
      "paint": {
        "fill-color": "hsl(205, 36%, 21%)",
        "fill-opacity": ["match", ["get", "intermittent"], 1, 0.7, 1]
      },
      "filter": ["all", ["!=", "brunnel", "tunnel"]]
    },
    {
      "id": "River",
      "type": "line",
      "source": "openmaptiles",
      "source-layer": "waterway",
      "layout": { "visibility": "visible" },
      "paint": {
        "line-color": "hsl(205, 36%, 21%)",
        "line-opacity": ["match", ["get", "brunnel"], "tunnel", 0.7, 1],
        "line-width": {
          "stops": [
            [9, 1],
            [18, 3]
          ]
        }
      },
      "filter": ["!=", "brunnel", "tunnel"]
    },
    {
      "id": "River intermittent",
      "type": "line",
      "source": "openmaptiles",
      "source-layer": "waterway",
      "layout": { "visibility": "visible" },
      "paint": {
        "line-color": "hsl(205, 36%, 21%)",
        "line-dasharray": [2, 1],
        "line-opacity": 1,
        "line-width": {
          "stops": [
            [9, 1],
            [18, 3]
          ]
        }
      },
      "filter": ["==", "intermittent", 1]
    },
    {
      "id": "Transit tunnel",
      "type": "line",
      "source": "openmaptiles",
      "source-layer": "transportation",
      "minzoom": 4,
      "layout": {
        "line-cap": "butt",
        "line-join": "miter",
        "visibility": "visible"
      },
      "paint": {
        "line-color": "hsl(239, 12%, 18%)",
        "line-dasharray": [3, 3],
        "line-opacity": 0.5,
        "line-width": {
          "stops": [
            [14, 0.5],
            [16, 1.2],
            [18, 2]
          ]
        }
      },
      "filter": ["all", ["==", "brunnel", "tunnel"], ["==", "class", "transit"]]
    },
    {
      "id": "Bridge",
      "type": "fill",
      "source": "openmaptiles",
      "source-layer": "transportation",
      "layout": { "visibility": "visible" },
      "paint": { "fill-color": "hsl(0, 0%, 18%)", "fill-opacity": 0.7 },
      "filter": ["==", "brunnel", "bridge"]
    },
    {
      "id": "Pier",
      "type": "fill",
      "source": "openmaptiles",
      "source-layer": "transportation",
      "layout": { "visibility": "visible" },
      "paint": {
        "fill-antialias": true,
        "fill-color": "hsl(0, 0%, 18%)",
        "fill-opacity": 1
      },
      "metadata": {},
      "filter": ["==", "class", "pier"]
    },
    {
      "id": "Road network",
      "type": "line",
      "source": "openmaptiles",
      "source-layer": "transportation",
      "minzoom": 4,
      "layout": {
        "line-cap": "round",
        "line-join": "round",
        "visibility": "visible"
      },
      "paint": {
        "line-color": "hsl(205, 0%, 27%)",
        "line-opacity": ["match", ["get", "brunnel"], "tunnel", 0.5, 1],
        "line-width": [
          "interpolate",
          ["linear", 2],
          ["zoom"],
          4,
          0.5,
          5,
          0.75,
          6,
          1,
          10,
          [
            "match",
            ["get", "class"],
            ["motorway"],
            ["match", ["get", "brunnel"], ["bridge"], 0, 2.5],
            ["trunk"],
            1.5,
            1
          ],
          12,
          [
            "match",
            ["get", "class"],
            ["motorway"],
            ["match", ["get", "ramp"], 1, 1, 4],
            ["trunk"],
            2,
            ["primary"],
            2.5,
            ["secondary", "tertiary"],
            2,
            ["minor"],
            1,
            ["pier", "service", "track"],
            0.5,
            0.5
          ],
          14,
          [
            "match",
            ["get", "class"],
            ["motorway"],
            ["match", ["get", "ramp"], 1, 5, 6],
            ["trunk"],
            3,
            ["primary"],
            5,
            ["secondary"],
            4,
            ["tertiary"],
            3,
            ["minor"],
            2,
            ["pier", "service", "track"],
            1,
            2
          ],
          16,
          [
            "match",
            ["get", "class"],
            ["motorway", "trunk", "primary"],
            8,
            ["secondary"],
            7,
            ["tertiary"],
            6,
            ["minor"],
            4,
            ["pier", "service", "track"],
            2,
            4
          ],
          20,
          [
            "match",
            ["get", "class"],
            ["motorway", "trunk", "primary"],
            28,
            ["secondary"],
            24,
            ["tertiary"],
            20,
            ["minor", "service", "track", "pier"],
            16,
            16
          ]
        ]
      },
      "filter": ["!in", "class", "bridge", "ferry", "path", "rail", "transit"]
    },
    {
      "id": "Path",
      "type": "line",
      "source": "openmaptiles",
      "source-layer": "transportation",
      "minzoom": 15,
      "layout": {
        "line-cap": "square",
        "line-join": "bevel",
        "visibility": "visible"
      },
      "paint": {
        "line-color": "hsl(205, 0%, 27%)",
        "line-dasharray": [1, 1],
        "line-width": {
          "base": 1.55,
          "stops": [
            [15, 0.5],
            [16, 1],
            [18, 2],
            [20, 3],
            [22, 4]
          ]
        }
      },
      "filter": ["==", "class", "path"]
    },
    {
      "id": "Building",
      "type": "fill",
      "source": "openmaptiles",
      "source-layer": "building",
      "layout": { "visibility": "visible" },
      "paint": {
        "fill-antialias": true,
        "fill-color": {
          "stops": [
            [13, "hsl(0, 0%, 14%)"],
            [16, "hsl(0, 0%, 15%)"]
          ]
        },
        "fill-opacity": 1
      }
    },
    {
      "id": "Railway",
      "type": "line",
      "source": "openmaptiles",
      "source-layer": "transportation",
      "minzoom": 9,
      "layout": { "visibility": "visible" },
      "paint": {
        "line-color": "hsla(238, 12%, 18%, 0.8)",
        "line-opacity": ["match", ["get", "brunnel"], "tunnel", 0.25, 1],
        "line-width": [
          "interpolate",
          ["linear", 1],
          ["zoom"],
          9,
          ["match", ["get", "service"], ["yard", "spur"], 0, 0.5],
          12,
          ["match", ["get", "service"], ["yard", "spur"], 0, 0.6],
          16,
          ["match", ["get", "service"], ["yard", "spur"], 0.75, 2],
          22,
          ["match", ["get", "service"], ["yard", "spur"], 1.5, 3]
        ]
      },
      "filter": ["==", "class", "rail"]
    },
    {
      "id": "Transit",
      "type": "line",
      "source": "openmaptiles",
      "source-layer": "transportation",
      "layout": { "visibility": "visible" },
      "paint": {
        "line-color": "hsl(239, 12%, 18%)",
        "line-opacity": 0.5,
        "line-width": {
          "stops": [
            [14, 0.5],
            [16, 1.2],
            [18, 2]
          ]
        }
      },
      "filter": ["all", ["==", "class", "transit"], ["!=", "brunnel", "tunnel"]]
    },
    {
      "id": "Aeroway",
      "type": "line",
      "source": "openmaptiles",
      "source-layer": "aeroway",
      "minzoom": 10,
      "layout": {
        "line-cap": "round",
        "line-join": "round",
        "visibility": "visible"
      },
      "paint": {
        "line-color": "hsl(205, 0%, 27%)",
        "line-opacity": 1,
        "line-width": [
          "interpolate",
          ["linear", 2],
          ["zoom"],
          10,
          ["match", ["get", "class"], ["runway"], 1, ["taxiway"], 0.5, 0],
          14,
          ["match", ["get", "class"], ["runway"], 3, ["taxiway"], 2, 0],
          16,
          ["match", ["get", "class"], ["runway"], 10, ["taxiway"], 6, 0]
        ]
      }
    },
    {
      "id": "Airport labels",
      "type": "symbol",
      "source": "openmaptiles",
      "source-layer": "aerodrome_label",
      "minzoom": 10,
      "layout": {
        "text-anchor": "top",
        "text-field": ["coalesce", ["get", "name:en"], ["get", "name"]],
        "text-font": ["Noto Sans Regular"],
        "text-max-width": 8,
        "text-offset": [0, 0.5],
        "text-size": {
          "stops": [
            [10, 10],
            [14, 12],
            [16, 14]
          ]
        },
        "visibility": "visible"
      },
      "paint": {
        "text-color": "hsl(83, 0%, 76%)",
        "text-halo-blur": 1,
        "text-halo-color": "hsl(0, 0%, 0%)",
        "text-halo-width": 1.4
      },
      "filter": ["has", "iata"]
    },
    {
      "id": "Station labels",
      "type": "symbol",
      "source": "openmaptiles",
      "source-layer": "poi",
      "minzoom": 12,
      "layout": {
        "text-anchor": "top",
        "text-field": ["coalesce", ["get", "name:en"], ["get", "name"]],
        "text-font": ["Noto Sans Regular"],
        "text-max-width": 8,
        "text-offset": [0, 0.5],
        "text-size": {
          "stops": [
            [10, 10],
            [14, 12],
            [16, 14]
          ]
        },
        "visibility": "visible"
      },
      "paint": {
        "text-color": "hsl(83, 0%, 76%)",
        "text-halo-blur": 1,
        "text-halo-color": "hsl(83, 0%, 0%)",
        "text-halo-width": 1.4
      },
      "filter": ["all", ["==", "class", "railway"], ["has", "subclass"]]
    },
    {
      "id": "Road labels",
      "type": "symbol",
      "source": "openmaptiles",
      "source-layer": "transportation_name",
      "minzoom": 14,
      "layout": {
        "symbol-placement": "line",
        "symbol-spacing": {
          "stops": [
            [13, 250],
            [20, 350],
            [22, 600]
          ]
        },
        "text-field": ["coalesce", ["get", "name:en"], ["get", "name"]],
        "text-font": ["Noto Sans Regular"],
        "text-letter-spacing": 0.1,
        "text-rotation-alignment": "map",
        "text-size": {
          "base": 1.4,
          "stops": [
            [14, 8],
            [17, 10],
            [20, 12]
          ]
        },
        "text-transform": "uppercase",
        "visibility": "visible"
      },
      "paint": {
        "text-color": "hsl(83, 0%, 76%)",
        "text-halo-color": "hsl(83, 0%, 0%)",
        "text-halo-width": 1
      },
      "filter": [
        "all",
        ["==", "$type", "LineString"],
        ["!in", "class", "aerialway", "ferry", "service"]
      ]
    },
    {
      "id": "Other border",
      "type": "line",
      "source": "openmaptiles",
      "source-layer": "boundary",
      "minzoom": 3,
      "layout": { "visibility": "visible" },
      "paint": {
        "line-color": "hsla(83, 0%, 28%, 0.65)",
        "line-dasharray": [2, 1],
        "line-width": {
          "stops": [
            [4, 0.8],
            [11, 1.75],
            [18, 2.5]
          ]
        }
      },
      "filter": [
        "all",
        ["in", "admin_level", 3, 4, 5, 6, 7, 8, 9, 10],
        ["==", "maritime", 0]
      ]
    },
    {
      "id": "Disputed border",
      "type": "line",
      "source": "openmaptiles",
      "source-layer": "boundary",
      "minzoom": 0,
      "layout": {
        "line-cap": "round",
        "line-join": "round",
        "visibility": "visible"
      },
      "paint": {
        "line-color": "hsl(0,0%,30%)",
        "line-dasharray": [2, 2],
        "line-width": {
          "stops": [
            [1, 1],
            [5, 1.5],
            [10, 2]
          ]
        }
      },
      "filter": [
        "all",
        ["==", "admin_level", 2],
        ["==", "maritime", 0],
        ["==", "disputed", 1]
      ]
    },
    {
      "id": "Country border",
      "type": "line",
      "source": "openmaptiles",
      "source-layer": "boundary",
      "minzoom": 0,
      "layout": {
        "line-cap": "round",
        "line-join": "round",
        "visibility": "visible"
      },
      "paint": {
        "line-blur": {
          "stops": [
            [4, 0.5],
            [10, 0]
          ]
        },
        "line-color": "hsl(0,0%,30%)",
        "line-width": {
          "stops": [
            [1, 1],
            [5, 1.5],
            [10, 2]
          ]
        }
      },
      "filter": [
        "all",
        ["==", "admin_level", 2],
        ["==", "disputed", 0],
        ["==", "maritime", 0]
      ]
    },
    {
      "id": "Place labels",
      "type": "symbol",
      "source": "openmaptiles",
      "source-layer": "place",
      "minzoom": 0,
      "maxzoom": 16,
      "layout": {
        "symbol-sort-key": ["to-number", ["get", "rank"]],
        "text-field": "{name}",
        "text-font": ["Noto Sans Regular"],
        "text-max-width": 10,
        "text-size": [
          "interpolate",
          ["linear", 1],
          ["zoom"],
          3,
          11,
          8,
          ["match", ["get", "class"], "city", 15, 13],
          11,
          [
            "match",
            ["get", "class"],
            "city",
            16,
            [
              "suburb",
              "neighbourhood",
              "quarter",
              "hamlet",
              "isolated_dwelling"
            ],
            10,
            13
          ],
          16,
          [
            "match",
            ["get", "class"],
            "city",
            21,
            [
              "suburb",
              "neighbourhood",
              "quarter",
              "hamlet",
              "isolated_dwelling"
            ],
            14,
            16
          ]
        ],
        "visibility": "visible"
      },
      "paint": {
        "text-color": "hsl(0, 0%, 86%)",
        "text-halo-blur": 0,
        "text-halo-color": "hsla(0, 0%, 0%, 0.75)",
        "text-halo-width": 2
      },
      "filter": [
        "in",
        "class",
        "hamlet",
        "isolated_dwelling",
        "neighbourhood",
        "province",
        "quarter",
        "suburb",
        "town",
        "village"
      ]
    },
    {
      "id": "City labels",
      "type": "symbol",
      "source": "openmaptiles",
      "source-layer": "place",
      "maxzoom": 16,
      "layout": {
        "symbol-sort-key": ["to-number", ["get", "rank"]],
        "text-field": "{name:en}",
        "text-font": ["Noto Sans Regular"],
        "text-max-width": 10,
        "text-size": [
          "interpolate",
          ["linear", 1],
          ["zoom"],
          3,
          11,
          8,
          15,
          11,
          16,
          16,
          21
        ],
        "visibility": "visible"
      },
      "paint": {
        "text-color": "hsl(0, 0%, 86%)",
        "text-halo-blur": 0,
        "text-halo-color": "hsla(0, 0%, 0%, 0.75)",
        "text-halo-width": 2
      },
      "filter": ["==", "class", "city"]
    },
    {
      "id": "Country labels",
      "type": "symbol",
      "source": "openmaptiles",
      "source-layer": "place",
      "minzoom": 1,
      "maxzoom": 12,
      "layout": {
        "symbol-sort-key": ["to-number", ["get", "rank"]],
        "text-field": "{name:en}",
        "text-font": ["Noto Sans Bold"],
        "text-max-width": 8,
        "text-padding": {
          "stops": [
            [1, 0],
            [4, 2]
          ]
        },
        "text-size": [
          "interpolate",
          ["linear", 1],
          ["zoom"],
          0,
          8,
          1,
          10,
          4,
          ["case", [">", ["get", "rank"], 2], 13, 15],
          8,
          ["case", [">", ["get", "rank"], 2], 18, 22]
        ],
        "visibility": "visible"
      },
      "paint": {
        "text-color": "hsl(0, 0%, 75%)",
        "text-halo-blur": 1,
        "text-halo-color": "hsla(0, 0%, 0%, 0.75)",
        "text-halo-width": 2
      },
      "filter": ["all", ["==", "class", "country"], ["!=", "iso_a2", "VA"]]
    },
    {
      "id": "Continent labels",
      "type": "symbol",
      "source": "openmaptiles",
      "source-layer": "place",
      "maxzoom": 1,
      "layout": {
        "text-field": "{name:en}",
        "text-font": ["Noto Sans Bold"],
        "text-justify": "center",
        "text-size": {
          "stops": [
            [0, 12],
            [2, 13]
          ]
        },
        "text-transform": "uppercase",
        "visibility": "visible"
      },
      "paint": {
        "text-color": "hsl(0, 0%, 75%)",
        "text-halo-blur": 1,
        "text-halo-color": "hsla(0, 0%, 0%, 0.75)",
        "text-halo-width": 2
      },
      "metadata": {},
      "filter": ["==", "class", "continent"]
    }
  ],
  "bearing": 0,
  "pitch": 0,
  "center": [0, 0],
  "zoom": 1
}
